"flagCode","country","LanguagesOfficialOrNationalLanguage","LanguagesMinorityLanguage","LanguagesOtherWidelySpokenLanguages"
"VN","Vietnam","Vietnamese","Cantonese, Cham, Hmong, Khmer, Lao, Muong, Rade, Tay, Thai",
"UZ","Uzbekistan","Uzbek","Uzbek, Karakalpak","Russian"
"PK","Pakistan","Urdu, English",,"Punjabi, Balochi, Sindhi, Pashto"
"UA","Ukraine","Ukrainian",,
"TV","Tuvalu","Tuvaluan, English",,
"TM","Turkmenistan","Turkmen",,"Russian"
"TR","Turkey","Turkish","Kurdish",
"ER","Eritrea","Tigrinya",,"Arabic, Italian"
"TH","Thailand","Thai",,
"EH","Western Sahara","Tamazight, Arabic, Spanish",,
"TJ","Tajikistan","Tajik",,"Russian"
"SE","Sweden","Swedish","Finnish","English, Romani, Yiddish"
"EC","Ecuador","Spanish, Quechua","Kichwa, Shuar",
"PY","Paraguay","Spanish, Guaraní",,
"MX","Mexico","Spanish",,
"CO","Colombia","Spanish",,
"ES","Spain","Spanish","Astur-Leonese, Aragonese, Fala, French, Portuguese",
"AR","Argentina","Spanish",,"Argentine Spanish"
"VE","Venezuela","Spanish",,
"GT","Guatemala","Spanish",,
"BO","Bolivia","Spanish",,
"DO","Dominican Republic","Spanish",,
"HN","Honduras","Spanish",,
"CU","Cuba","Spanish",,
"NI","Nicaragua","Spanish",,
"SV","El Salvador","Spanish",,
"CR","Costa Rica","Spanish","Limonese Creole",
"PA","Panama","Spanish",,
"UY","Uruguay","Spanish",,
"LS","Lesotho","Sotho, English",,
"SI","Slovenia","Slovene",,
"SK","Slovakia","Slovak",,
"LK","Sri Lanka","Sinhala, Tamil",,
"RS","Serbia","Serbian",,
"RU","Russia","Russian",,
"RO","Romania","Romanian",,
"MD","Moldova","Romanian",,
"TL","Timor-Leste","Portuguese, Tetum",,
"BR","Brazil","Portuguese",,
"AO","Angola","Portuguese","Kimbundu, Umbundu, Kikongo, Chokwe, Kwanyama, Ganguela","Angolan"
"MZ","Mozambique","Portuguese",,
"PT","Portugal","Portuguese",,
"GW","Guinea-Bissau","Portuguese",,
"CV","Cape Verde","Portuguese",,"Cape Verdean Creole"
"ST","Sao Tome and Principe","Portuguese",,
"PL","Poland","Polish",,
"PE","Peru","Peruvian Spanish, Quechua, Aymara, Asháninka",,
"AF","Afghanistan","Persian (Dari), Pashto",,
"IR","Iran","Persian",,"Azerbaijani, Kurdish, Luri, Gilaki, Mazanderani, Balochi, Arabic, Qashqai, Tati, Turkmeni"
"NO","Norway","Norwegian","Kven, Scandoromani",
"NP","Nepal","Nepali",,
"ME","Montenegro","Montenegrin",,
"MN","Mongolia","Mongolian",,
"CN","China","Mandarin Chinese","Mongolian, Uyghur, Tibetan, Zhuang, Kazakh, Korean",
"TW","Taiwan","Mandarin",,"Taiwanese Mandarin, Taiwanese Hokkien, Taiwanese Hakka, Formosan"
"MT","Malta","Maltese, English",,
"BN","Brunei","Malay, English",,
"MY","Malaysia","Malay",,"Mandarin Chinese, Cantonese, Tamil"
"MK","North Macedonia","Macedonian, Albanian",,
"LT","Lithuania","Lithuanian",,"Russian"
"LV","Latvia","Latvian",,"Russian"
"LA","Laos","Lao",,
"KG","Kyrgyzstan","Kyrgyz, Russian",,
"KR","South Korea","Korean",,
"KP","North Korea","Korean",,
"KH","Cambodia","Khmer",,
"KZ","Kazakhstan","Kazakh, Russian",,
"JP","Japan","Japanese",,
"VA","Vatican City","Italian, Latin",,"Swiss German"
"IT","Italy","Italian","Ladin, Slovene",
"SM","San Marino","Italian",,
"IE","Ireland","Irish, English",,
"ID","Indonesia","Indonesian",,"Malay, Javanese, Sundanese, Madurese, Minangkabau"
"IS","Iceland","Icelandic",,
"HU","Hungary","Hungarian","Croatian, German, Romanian, Serbian, Slovak, Slovene",
"IN","India","Hindi, English",,"Bengali, Telugu, Marathi, Tamil, Punjabi, Gujarati, Bhojpuri, Kannada, Malayalam, Odiya, Maithili, Assamese, Bhili, Santali, Kashmiri, Gondi, Nepali, Sindhi, Dogri, Konkani, Kurukh, Khandeshi, Tulu, Meitei, Bodo, Khasi, Ho, Garo, Mundari, Tripuri"
"IL","Israel","Hebrew",,"English"
"CY","Cyprus","Greek, Turkish",,"Armeniani, Cypriot Arabic, English"
"GR","Greece","Greek",,
"DE","Germany","German","Danish, Lower Sorbian, North Frisian, Romani, Upper Sorbian",
"AT","Austria","German","Slovene, Czech, Hungarian, Slovak, Romani, Serbian",
"LI","Liechtenstein","German",,
"GE","Georgia","Georgian",,
"CF","Central African Republic","French, Sango",,
"GQ","Equatorial Guinea","French, Portuguese, Spanish",,
"MG","Madagascar","French, Malagasy",,
"BI","Burundi","French, Kirundi, English","Kirundi","Swahili"
"HT","Haiti","French, Haitian Creole",,
"LU","Luxembourg","French, German, Luxembourgish",,
"CH","Switzerland","French , German, Italian, Romansh",,
"CD","DR Congo","French","Lingala, Kikongo","Swahili, Tshiluba"
"FR","France","French","Corsican, Basque, Breton","Occitan language"
"CI","Ivory Coast","French",,
"NE","Niger","French",,"Arabic, Hausa, Fulfulde, Gulmancema, Kanuri, Zarma, Tamazight"
"ML","Mali","French",,
"BF","Burkina Faso","French","Fula, Jula, More",
"SN","Senegal","French",,"Jola-Fogny, Mandinka, Pulaar, Serer, Soninke, Wolof"
"GN","Guinea","French",,"Fula, Maninka, Susu"
"BJ","Benin","French",,
"TG","Togo","French",,
"CG","Republic of the Congo","French","Lingala, Munukutuba",
"GA","Gabon","French",,
"MC","Monaco","French",,"Monégasque"
"FI","Finland","Finnish, Swedish","Sami",
"PH","Philippines","Filipino, English",,
"EE","Estonia","Estonian",,"Russian"
"TO","Tonga","English, Tongan",,
"SZ","Eswatini","English, Swazi",,
"KE","Kenya","English, Swahili",,
"UG","Uganda","English, Swahili",,
"PW","Palau","English, Palauan",,
"NU","Niue","English, Niuean",,
"SG","Singapore","English, Malay, Mandarin Chinese, Tamil",,
"GB","United Kingdom","English, Irish, Scottish, Gaelic, Welsh",,
"PG","Papua New Guinea","English, Hiri Motu, PNG Sign Language, Tok Pisin",,
"SC","Seychelles","English, French, Seychellois Creole",,
"RW","Rwanda","English, French, Kinyarwanda, Swahili",,
"CA","Canada","English, French","Chipewyan, Cree, Gwich'in, Inuinnaqtun, Inuktitut, Inuvialuktun, North Slavey, South Slavey",
"CM","Cameroon","English, French",,
"VU","Vanuatu","English, French",,"Bislama"
"FJ","Fiji","English, Fijian, Fiji Hindi",,
"CK","Cook Islands","English, Cook Islands Maori",,
"MW","Malawi","English, Chichewa",,
"US","United States","English",,
"NG","Nigeria","English",,"Hausa, Yoruba, Igbo, Tiv"
"TZ","Tanzania","English",,"Swahili"
"GH","Ghana","English",,
"AU","Australia","English","Nyulnyulan, Worrorran, Bunuban, Jarrakan, Mindi, Daly, Wagiman, Wardaman, Tiwi, Darwin, Iwaidjan, Giimbiyu, Arnhem, Gunwinyguan, Garawan, Tangkic, Pama-Nyungan",
"ZM","Zambia","English",,
"SS","South Sudan","English",,"Arabic, Bari, Dinka, Luo, Murle, Nuer, Zande"
"SL","Sierra Leone","English",,"Krio"
"LR","Liberia","English",,
"NZ","New Zealand","English",,"Maori, New Zealand Sign Language"
"NA","Namibia","English",,"Afrikaans"
"GM","Gambia","English",,
"JM","Jamaica","English",,"Jamaican Patois"
"BW","Botswana","English","Bantu languages","Tswana"
"TT","Trinidad and Tobago","English",,
"MU","Mauritius","English",,"Mauritian Creole"
"SB","Solomon Islands","English",,
"GY","Guyana","English",,"Guyanese Creole"
"BZ","Belize","English",,"Kriol"
"BS","Bahamas","English",,
"BB","Barbados","English",,
"WS","Samoa","English",,"Samoan"
"LC","Saint Lucia","English",,
"KI","Kiribati","English",,"Kiribati"
"GD","Grenada","English",,
"FM","Micronesia","English",,
"VC","Saint Vincent and the Grenadines","English",,
"AG","Antigua and Barbuda","English",,"Antiguan and Barbudan Creole"
"DM","Dominica","English",,
"KN","Saint Kitts and Nevis","English",,
"MH","Marshall Islands","English",,"Marshallese"
"BT","Bhutan","Dzongkha",,
"NL","Netherlands","Dutch, Frisian","Dutch Low Saxon, Dutch Sign Language, Limburgish, Sinte Romani, Yiddish",
"BE","Belgium","Dutch, French, German",,
"SR","Suriname","Dutch",,"Sranan Tongo"
"MV","Maldives","Dhivehi",,
"DK","Denmark","Danish","German",
"CZ","Czechia","Czech, Slovak","Belarusian, Bulgarian, Croatian, German, Greek, Hungarian, Polish, Romani, Russian, Rusyn, Serbian, Ukrainian, Vietnamese",
"HR","Croatia","Croatian",,"Italian, Romani, Slovene"
"CL","Chile","Chilean Spanish",,
"ZW","Zimbabwe","Chewa, Chibarwe, English, Kalanga, Khoisan, Nambya, Ndau, Ndebele, Shangani, Shona, Sotho, Tonga, Tswana, Venda, Xhosa",,
"AD","Andorra","Catalan",,
"MM","Myanmar","Burmese",,"English"
"BG","Bulgaria","Bulgarian",,
"BD","Bangladesh","Bengali",,
"BY","Belarus","Belarusian, Russian",,
"AZ","Azerbaijan","Azerbaijani",,
"AM","Armenia","Armenian",,
"DZ","Algeria","Arabic, Tamazight",,"French"
"MA","Morocco","Arabic, Tamazight",,"Darija"
"IQ","Iraq","Arabic, Kurdish",,
"TD","Chad","Arabic, French",,
"DJ","Djibouti","Arabic, French",,
"SD","Sudan","Arabic, English",,
"KM","Comoros","Arabic, Comorian, French",,
"EG","Egypt","Arabic","Coptic",
"YE","Yemen","Arabic",,
"SA","Saudi Arabia","Arabic",,
"SY","Syria","Arabic",,
"SO","Somalia","Arabic",,"Somali"
"TN","Tunisia","Arabic",,"Tunisian"
"JO","Jordan","Arabic",,
"AE","United Arab Emirates","Arabic",,"English"
"LY","Libya","Arabic",,
"LB","Lebanon","Arabic","Armenian","English, French"
"PS","Palestine","Arabic",,"English, Hebrew"
"OM","Oman","Arabic",,
"MR","Mauritania","Arabic",,"Fula, Soninke, Wolof, French"
"KW","Kuwait","Arabic",,
"QA","Qatar","Arabic",,
"BH","Bahrain","Arabic",,
"AL","Albania","Albanian","Greek, Macedonian, Aromanian","Italian"
"ZA","South Africa","Afrikaans, English, Southern Ndebele, Sotho, Northern Sotho, Swazi, Tsonga, Tswana, Venda, Xhosa, Zulu",,
"ET","Ethiopia","Afar, Amharic, Oromo, Somali, Tigrinya","Benshangul, Gumuz, Harari, Kunama, Sidamo",
"BA","Bosnia and Herzegovina","(Bosnian, Croatian and Serbian",,